{"stats":{"minecraft:custom":{"minecraft:jump":51,"minecraft:time_since_rest":7455,"minecraft:damage_dealt":121,"minecraft:leave_game":3,"minecraft:crouch_one_cm":52,"minecraft:play_time":7455,"minecraft:sprint_one_cm":9382,"minecraft:time_since_death":7455,"minecraft:walk_one_cm":11158,"minecraft:sneak_time":42,"minecraft:total_world_time":7455,"minecraft:mob_kills":1,"minecraft:fall_one_cm":1939,"minecraft:fly_one_cm":11878},"minecraft:killed":{"minecraft:cow":1},"minecraft:mined":{"minecraft:short_grass":21,"minecraft:grass_block":9},"minecraft:picked_up":{"minecraft:beef":3,"minecraft:leather":2,"minecraft:wheat_seeds":1,"minecraft:dirt":9}},"DataVersion":3953}