{"stats":{"minecraft:custom":{"minecraft:jump":165,"minecraft:leave_game":3,"minecraft:time_since_rest":1022,"minecraft:play_time":21337,"minecraft:sprint_one_cm":33281,"minecraft:damage_taken":732,"minecraft:time_since_death":0,"minecraft:deaths":3,"minecraft:total_world_time":21337,"minecraft:fall_one_cm":6674,"minecraft:fly_one_cm":43755,"minecraft:walk_one_cm":9219},"minecraft:killed_by":{"minecraft:zombie":1,"minecraft:player":2},"minecraft:mined":{"minecraft:tall_grass":1,"minecraft:short_grass":2,"minecraft:grass_block":10,"minecraft:sand":1},"minecraft:picked_up":{"minecraft:sand":1,"minecraft:oak_sapling":1,"minecraft:wheat_seeds":2,"minecraft:dirt":9}},"DataVersion":3953}