{"stats":{"minecraft:custom":{"minecraft:jump":152,"minecraft:time_since_rest":5954,"minecraft:sprint_one_cm":31237,"minecraft:deaths":2,"minecraft:leave_game":3,"minecraft:play_time":12659,"minecraft:damage_taken":656,"minecraft:time_since_death":5580,"minecraft:walk_one_cm":8438,"minecraft:total_world_time":12659,"minecraft:fall_one_cm":6256,"minecraft:fly_one_cm":40465},"minecraft:killed_by":{"minecraft:zombie":1,"minecraft:player":1},"minecraft:mined":{"minecraft:short_grass":1,"minecraft:grass_block":8,"minecraft:sand":1,"minecraft:tall_grass":1},"minecraft:picked_up":{"minecraft:sand":1,"minecraft:oak_sapling":1,"minecraft:wheat_seeds":2,"minecraft:dirt":6}},"DataVersion":3953}