{"stats":{"minecraft:custom":{"minecraft:jump":182,"minecraft:leave_game":6,"minecraft:time_since_rest":7974,"minecraft:play_time":28289,"minecraft:sprint_one_cm":35286,"minecraft:damage_taken":732,"minecraft:time_since_death":819,"minecraft:deaths":3,"minecraft:total_world_time":28289,"minecraft:fall_one_cm":6674,"minecraft:fly_one_cm":45991,"minecraft:walk_one_cm":12844},"minecraft:killed_by":{"minecraft:zombie":1,"minecraft:player":2},"minecraft:mined":{"minecraft:tall_grass":1,"minecraft:short_grass":2,"minecraft:grass_block":12,"minecraft:sand":1},"minecraft:picked_up":{"minecraft:sand":1,"minecraft:oak_sapling":1,"minecraft:wheat_seeds":2,"minecraft:dirt":10}},"DataVersion":3953}