{"stats":{"minecraft:custom":{"minecraft:time_since_rest":4186,"minecraft:crouch_one_cm":52,"minecraft:sprint_one_cm":17367,"minecraft:play_time":18883,"minecraft:damage_taken":1414,"minecraft:deaths":2,"minecraft:walk_one_cm":17112,"minecraft:sneak_time":42,"minecraft:walk_under_water_one_cm":900,"minecraft:mob_kills":2,"minecraft:jump":119,"minecraft:damage_dealt":215,"minecraft:leave_game":7,"minecraft:walk_on_water_one_cm":357,"minecraft:time_since_death":4145,"minecraft:total_world_time":18883,"minecraft:fall_one_cm":16290,"minecraft:fly_one_cm":26800,"minecraft:player_kills":1},"minecraft:killed":{"minecraft:zombie":1,"minecraft:cow":1},"minecraft:mined":{"minecraft:short_grass":31,"minecraft:grass_block":11,"minecraft:dirt":1},"minecraft:picked_up":{"minecraft:leather":2,"minecraft:wheat_seeds":5,"minecraft:beef":3,"minecraft:dirt":20}},"DataVersion":3953}