{"stats":{"minecraft:custom":{"minecraft:jump":9,"minecraft:time_since_rest":3811,"minecraft:damage_dealt":62,"minecraft:walk_one_cm":5525,"minecraft:leave_game":2,"minecraft:play_time":7738,"minecraft:damage_taken":685,"minecraft:time_since_death":669,"minecraft:deaths":2,"minecraft:total_world_time":7738,"minecraft:fly_one_cm":640},"minecraft:killed_by":{"minecraft:zombie":2},"minecraft:mined":{"minecraft:grass_block":1},"minecraft:picked_up":{"minecraft:dirt":1},"minecraft:used":{"minecraft:dirt":1}},"DataVersion":3953}