{"stats":{"minecraft:custom":{"minecraft:jump":75,"minecraft:time_since_rest":9569,"minecraft:damage_dealt":201,"minecraft:leave_game":4,"minecraft:crouch_one_cm":52,"minecraft:play_time":9569,"minecraft:sprint_one_cm":13056,"minecraft:damage_taken":39,"minecraft:time_since_death":9569,"minecraft:walk_one_cm":13924,"minecraft:sneak_time":42,"minecraft:total_world_time":9569,"minecraft:mob_kills":1,"minecraft:player_kills":1,"minecraft:fall_one_cm":2148,"minecraft:fly_one_cm":16278},"minecraft:killed":{"minecraft:cow":1},"minecraft:mined":{"minecraft:short_grass":24,"minecraft:grass_block":9},"minecraft:picked_up":{"minecraft:beef":3,"minecraft:leather":2,"minecraft:wheat_seeds":4,"minecraft:dirt":17}},"DataVersion":3953}