{"stats":{"minecraft:mined":{"minecraft:short_grass":5,"minecraft:grass_block":3},"minecraft:used":{"minecraft:dirt":3},"minecraft:custom":{"minecraft:jump":158,"minecraft:time_since_rest":9503,"minecraft:damage_dealt":109,"minecraft:leave_game":3,"minecraft:crouch_one_cm":62,"minecraft:play_time":9503,"minecraft:sprint_one_cm":34046,"minecraft:time_since_death":9503,"minecraft:walk_one_cm":12449,"minecraft:sneak_time":13,"minecraft:total_world_time":9503,"minecraft:fall_one_cm":4207,"minecraft:fly_one_cm":71449},"minecraft:picked_up":{"minecraft:dirt":3}},"DataVersion":3953}