{"stats":{"minecraft:custom":{"minecraft:time_since_rest":6072,"minecraft:crouch_one_cm":21,"minecraft:sprint_one_cm":14913,"minecraft:play_time":7087,"minecraft:deaths":3,"minecraft:damage_taken":926,"minecraft:walk_one_cm":12644,"minecraft:sneak_time":102,"minecraft:walk_under_water_one_cm":304,"minecraft:mob_kills":1,"minecraft:jump":93,"minecraft:damage_dealt":251,"minecraft:leave_game":2,"minecraft:time_since_death":6008,"minecraft:total_world_time":7087,"minecraft:fall_one_cm":1428,"minecraft:fly_one_cm":53258},"minecraft:killed_by":{"minecraft:zombie":3},"minecraft:killed":{"minecraft:zombie":1},"minecraft:mined":{"minecraft:short_grass":51,"minecraft:grass_block":10,"minecraft:tall_grass":4},"minecraft:used":{"minecraft:dirt":10,"minecraft:stone":47},"minecraft:picked_up":{"minecraft:rotten_flesh":2,"minecraft:wheat_seeds":6,"minecraft:dirt":10}},"DataVersion":3953}