{"stats":{"minecraft:killed":{"minecraft:skeleton":1},"minecraft:picked_up":{"minecraft:bone":2,"minecraft:arrow":2},"minecraft:custom":{"minecraft:jump":32,"minecraft:time_since_rest":2676,"minecraft:leave_game":1,"minecraft:damage_dealt":387,"minecraft:crouch_one_cm":1,"minecraft:sprint_one_cm":1467,"minecraft:play_time":2676,"minecraft:damage_taken":205,"minecraft:time_since_death":2676,"minecraft:walk_one_cm":6506,"minecraft:sneak_time":29,"minecraft:climb_one_cm":1109,"minecraft:total_world_time":2676,"minecraft:mob_kills":1,"minecraft:fly_one_cm":813},"minecraft:mined":{"minecraft:short_grass":5,"minecraft:fern":2}},"DataVersion":3953}