{"stats":{"minecraft:used":{"minecraft:dirt":4},"minecraft:mined":{"minecraft:short_grass":4,"minecraft:grass_block":8,"minecraft:oak_leaves":2,"minecraft:dirt":2},"minecraft:picked_up":{"minecraft:wheat_seeds":2,"minecraft:dirt":10},"minecraft:custom":{"minecraft:jump":10,"minecraft:time_since_rest":2137,"minecraft:leave_game":1,"minecraft:sprint_one_cm":223,"minecraft:play_time":2137,"minecraft:time_since_death":2137,"minecraft:walk_one_cm":1645,"minecraft:total_world_time":2137}},"DataVersion":3953}