{"stats":{"minecraft:used":{"minecraft:dirt":11,"minecraft:dandelion":1},"minecraft:picked_up":{"minecraft:wheat_seeds":3,"minecraft:dandelion":1,"minecraft:dirt":19},"minecraft:custom":{"minecraft:jump":113,"minecraft:time_since_rest":8573,"minecraft:damage_taken":127,"minecraft:leave_game":3,"minecraft:play_time":8573,"minecraft:sprint_one_cm":16975,"minecraft:time_since_death":8573,"minecraft:walk_on_water_one_cm":91,"minecraft:walk_one_cm":15180,"minecraft:total_world_time":8573,"minecraft:walk_under_water_one_cm":98,"minecraft:swim_one_cm":1103,"minecraft:fall_one_cm":3038,"minecraft:fly_one_cm":21897},"minecraft:mined":{"minecraft:short_grass":24,"minecraft:grass_block":9,"minecraft:dandelion":1,"minecraft:dirt":10}},"DataVersion":3953}