{"stats":{"minecraft:used":{"minecraft:dirt":19,"minecraft:dandelion":8},"minecraft:mined":{"minecraft:short_grass":170,"minecraft:grass_block":9,"minecraft:dirt":10,"minecraft:tall_grass":42,"minecraft:dandelion":8,"minecraft:azure_bluet":1},"minecraft:picked_up":{"minecraft:wheat_seeds":22,"minecraft:dandelion":8,"minecraft:dirt":19},"minecraft:custom":{"minecraft:time_since_rest":25241,"minecraft:crouch_one_cm":19,"minecraft:sprint_one_cm":35015,"minecraft:play_time":25241,"minecraft:damage_taken":442,"minecraft:walk_one_cm":23632,"minecraft:sneak_time":24,"minecraft:walk_under_water_one_cm":98,"minecraft:jump":131,"minecraft:leave_game":7,"minecraft:walk_on_water_one_cm":91,"minecraft:time_since_death":10213,"minecraft:total_world_time":25241,"minecraft:swim_one_cm":1103,"minecraft:fall_one_cm":6423,"minecraft:fly_one_cm":23397}},"DataVersion":3953}