{"stats":{"minecraft:custom":{"minecraft:time_since_rest":1407,"minecraft:deaths":2,"minecraft:play_time":6103,"minecraft:crouch_one_cm":5,"minecraft:sprint_one_cm":12523,"minecraft:damage_taken":780,"minecraft:walk_one_cm":16615,"minecraft:sneak_time":16,"minecraft:mob_kills":2,"minecraft:jump":59,"minecraft:damage_dealt":1041,"minecraft:leave_game":1,"minecraft:time_since_death":1368,"minecraft:total_world_time":6103,"minecraft:player_kills":1,"minecraft:interact_with_crafting_table":1,"minecraft:fall_one_cm":836,"minecraft:fly_one_cm":12762},"minecraft:crafted":{"minecraft:wooden_sword":1,"minecraft:oak_planks":16,"minecraft:crafting_table":1,"minecraft:stick":16},"minecraft:killed_by":{"minecraft:zombie":2},"minecraft:broken":{"minecraft:wooden_sword":1},"minecraft:killed":{"minecraft:zombie":2},"minecraft:mined":{"minecraft:short_grass":3,"minecraft:grass_block":7,"minecraft:oak_log":4,"minecraft:birch_log":1,"minecraft:tall_grass":3,"minecraft:oak_leaves":3},"minecraft:used":{"minecraft:wooden_sword":57,"minecraft:crafting_table":1},"minecraft:picked_up":{"minecraft:wooden_sword":2,"minecraft:birch_log":3,"minecraft:stick":30,"minecraft:rotten_flesh":6,"minecraft:apple":3,"minecraft:oak_log":4,"minecraft:oak_sapling":7,"minecraft:oak_planks":4,"minecraft:dirt":21}},"DataVersion":3953}