{
  "minecraft:recipes/decorations/crafting_table": {
    "criteria": {
      "unlock_right_away": "2024-07-27 22:54:25 +0000"
    },
    "done": true
  },
  "minecraft:adventure/adventuring_time": {
    "criteria": {
      "minecraft:forest": "2024-07-27 22:54:26 +0000",
      "minecraft:sparse_jungle": "2024-07-28 00:22:05 +0000",
      "minecraft:jungle": "2024-07-28 00:22:08 +0000",
      "minecraft:river": "2024-07-27 22:54:42 +0000",
      "minecraft:plains": "2024-07-27 22:54:46 +0000"
    },
    "done": false
  },
  "DataVersion": 3953
}